{"cameraMode":{"drawMode":0,"name":"Shaded","section":"Shading Mode"},"sceneLighting":false,"audioPlay":false,"sceneViewState":{"m_AlwaysRefresh":false,"showFog":true,"showSkybox":false,"showFlares":true,"showImageEffects":true,"showParticleSystems":true,"showVisualEffectGraphs":true,"m_FxEnabled":true},"in2DMode":false,"pivot":{"x":-30.997760772705079,"y":5.1240763664245609,"z":7.054127216339111},"rotation":{"x":0.039131250232458118,"y":0.7077128291130066,"z":-0.039316192269325259,"w":0.7043251991271973},"size":7.071067810058594,"orthographic":false}