{"cameraMode":{"drawMode":0,"name":"Shaded","section":"Shading Mode"},"sceneLighting":false,"audioPlay":false,"sceneViewState":{"m_AlwaysRefresh":false,"showFog":true,"showSkybox":true,"showFlares":true,"showImageEffects":true,"showParticleSystems":true,"showVisualEffectGraphs":true,"m_FxEnabled":true},"in2DMode":false,"pivot":{"x":22.883447647094728,"y":3.757114887237549,"z":30.52009391784668},"rotation":{"x":-0.005616378039121628,"y":-0.3514198362827301,"z":0.002109725261107087,"w":-0.9362044334411621},"size":23.166584014892579,"orthographic":false}