{"cameraMode":{"drawMode":0,"name":"Shaded","section":"Shading Mode"},"sceneLighting":false,"audioPlay":false,"sceneViewState":{"m_AlwaysRefresh":false,"showFog":true,"showSkybox":true,"showFlares":true,"showImageEffects":true,"showParticleSystems":true,"showVisualEffectGraphs":true,"m_FxEnabled":true},"in2DMode":false,"pivot":{"x":9.49639892578125,"y":-0.21993938088417054,"z":12.09126091003418},"rotation":{"x":0.02151355892419815,"y":0.6557239294052124,"z":-0.018687091767787935,"w":0.7544817924499512},"size":0.8660253882408142,"orthographic":false}