{"cameraMode":{"drawMode":0,"name":"Shaded","section":"Shading Mode"},"sceneLighting":false,"audioPlay":false,"sceneViewState":{"m_AlwaysRefresh":false,"showFog":true,"showSkybox":true,"showFlares":true,"showImageEffects":true,"showParticleSystems":true,"showVisualEffectGraphs":true,"m_FxEnabled":true},"in2DMode":false,"pivot":{"x":12.072522163391114,"y":0.23909808695316316,"z":12.890021324157715},"rotation":{"x":0.0015819505788385869,"y":-0.9911711812019348,"z":-0.011894859373569489,"w":-0.13220784068107606},"size":0.5660253763198853,"orthographic":false}