{"cameraMode":{"drawMode":0,"name":"Shaded","section":"Shading Mode"},"sceneLighting":false,"audioPlay":false,"sceneViewState":{"m_AlwaysRefresh":false,"showFog":true,"showSkybox":false,"showFlares":true,"showImageEffects":true,"showParticleSystems":true,"showVisualEffectGraphs":true,"m_FxEnabled":true},"in2DMode":false,"pivot":{"x":-3.0225086212158205,"y":5.895618915557861,"z":12.644987106323243},"rotation":{"x":0.026922086253762246,"y":0.07402278482913971,"z":0.00201837788335979,"w":-0.9969326257705689},"size":32.983009338378909,"orthographic":false}