{"cameraMode":{"drawMode":0,"name":"Shaded","section":"Shading Mode"},"sceneLighting":false,"audioPlay":false,"sceneViewState":{"showFog":true,"showMaterialUpdate":false,"showSkybox":true,"showFlares":true,"showImageEffects":true,"showParticleSystems":true},"in2DMode":false,"pivot":{"x":11.27796745300293,"y":-0.39431506395339968,"z":19.276756286621095},"rotation":{"x":0.03291037306189537,"y":-0.07130005955696106,"z":0.0023528137244284155,"w":0.9969157576560974},"size":1.9316632747650147,"orthographic":false}